order,stage,forget_total,Retrain_F,Retrain_R,Retrain_T,Unlearn_F,Unlearn_R,Unlearn_T,ΔF,ΔR,ΔT,MIA,PredDiff(%)
HML,1,3000,84.7,92.63617021276596,83.65,91.86666666666666,92.61063829787234,84.59,7.166666666666657,0.0255319148936195,0.9399999999999977,0.501886524822695,8.686
HML,2,6000,83.05,92.17954545454545,82.37,91.66666666666667,92.4659090909091,84.49,8.616666666666674,0.2863636363636459,2.1199999999999903,0.5068787878787879,9.686
HML,3,9000,82.52222222222223,91.46585365853659,82.37,91.1,92.41463414634147,84.01,8.577777777777769,0.948780487804882,1.6400000000000006,0.5069010840108401,10.598
LMH,1,3000,84.56666666666666,92.3063829787234,83.15,91.3,92.19148936170212,83.57,6.733333333333334,0.11489361702128065,0.4199999999999875,0.5076205673758865,9.578
LMH,2,6000,82.66666666666667,91.76590909090909,83.2,90.18333333333334,91.92954545454545,83.08,7.516666666666666,0.16363636363635692,0.12000000000000455,0.5100833333333333,10.364
LMH,3,9000,81.91111111111111,91.6,81.99,91.02222222222223,92.45365853658537,83.51,9.111111111111114,0.853658536585371,1.5200000000000102,0.5097384823848239,10.908
RND,1,3000,85.06666666666666,93.0595744680851,84.53,91.76666666666667,91.87659574468086,83.79,6.700000000000003,1.182978723404247,0.7399999999999949,0.5053971631205674,9.148
RND,2,6000,83.61666666666666,92.14545454545454,83.1,90.71666666666667,91.65454545454546,83.15,7.1000000000000085,0.49090909090908497,0.05000000000001137,0.5071742424242425,10.076
RND,3,9000,81.82222222222222,91.70975609756097,82.32,89.75555555555556,91.7560975609756,82.98,7.933333333333337,0.04634146341463463,0.6600000000000108,0.513079945799458,10.994
